[
  {
    "orderId": 1,
    "id": "1",
    "chargeId": "123456",
    "payerName": "John Doe",
    "amount": "$50.00",
    "paymentChannel": "Credit Card",
    "customerID": "1",
    "status": "Completed",
    "createdAt": "2023-05-10 09:30 AM"
  },
  {
    "orderId": 2,
    "id": "2",
    "chargeId": "789101112",
    "payerName": "Alice Smith",
    "amount": "$75.50",
    "paymentChannel": "PayPal",
    "customerID": "2",
    "status": "Pending",
    "createdAt": "2023-05-11 02:45 PM"
  },
  {
    "orderId": 3,
    "id": "3",
    "chargeId": "1314151617",
    "payerName": "Bob Johnson",
    "amount": "$100.00",
    "paymentChannel": "Credit Card",
    "customerID": "3",
    "status": "Completed",
    "createdAt": "2023-05-12 11:15 AM"
  },
  {
    "orderId": 4,
    "id": "4",
    "chargeId": "1819202122",
    "payerName": "Eve Brown",
    "amount": "$25.25",
    "paymentChannel": "Bitcoin",
    "customerID": "4",
    "status": "Failed",
    "createdAt": "2023-05-13 08:20 AM"
  },
  {
    "orderId": 5,
    "id": "5",
    "chargeId": "2324252627",
    "payerName": "Charlie Lee",
    "amount": "$60.75",
    "paymentChannel": "Credit Card",
    "customerID": "5",
    "status": "Completed",
    "createdAt": "2023-05-14 04:10 PM"
  }
]